INSERT INTO ROLE VALUES('user', '一般ユーザ');
INSERT INTO ROLE VALUES('manager', '管理者');
INSERT INTO ROLE VALUES('admin', 'システム管理者');

INSERT INTO ORGANIZATION(ORGANIZATION_ID,NAME,PARENT,"START","END")
VALUES (
  1,'組織1',NULL,'2009-11-10','2022-01-05'
);

INSERT INTO ORGANIZATION(ORGANIZATION_ID,NAME,PARENT,"START","END")
VALUES (
  1,'組織1',NULL,'2022-01-06','2099-12-31'
);

INSERT INTO ORGANIZATION(ORGANIZATION_ID,NAME,PARENT,"START","END")
VALUES (
  2,'下部組織-1',1,'2022-01-06','2099-12-31'
);

INSERT INTO ORGANIZATION(ORGANIZATION_ID,NAME,PARENT,"START","END")
VALUES (
  4,'下部組織-1-1',2,'2022-01-06','2099-12-31'
);

INSERT INTO ORGANIZATION(ORGANIZATION_ID,NAME,PARENT,"START","END")
VALUES (
  5,'下部組織-1-2',2,'2022-01-06','2099-12-31'
);

INSERT INTO ORGANIZATION(ORGANIZATION_ID,NAME,PARENT,"START","END")
VALUES (
  6,'下部組織-1-3',2,'2022-01-06','2099-12-31'
);

INSERT INTO ORGANIZATION(ORGANIZATION_ID,NAME,PARENT,"START","END")
VALUES (
  3,'下部組織-2',1,'2022-01-06','2099-12-31'
);

INSERT INTO ORGANIZATION(ORGANIZATION_ID,NAME,PARENT,"START","END")
VALUES (
  7,'組織2',NULL,'2022-01-06','2099-12-31'
);

INSERT INTO ORGANIZATION(ORGANIZATION_ID,NAME,PARENT,"START","END")
VALUES (
  8,'組織2-1',7,'2022-01-06','2099-12-31'
);


INSERT INTO USERS(ID,NAME,ROLE,LANGUAGE,BELONG,PASSWORD,EXPIRY)
VALUES(
    'user', '山田太郎','user','ja',1,
    '6c96c4d30bb54424d38c6b09a19dfe305db7ea800a5d9d28265d63af4d5ed767',
    CURRENT_TIMESTAMP
);

INSERT INTO USERS(ID,NAME,ROLE,LANGUAGE,BELONG,PASSWORD,EXPIRY)
VALUES(
    'worker', '作業管理太郎','user','ja',4,
    '6c96c4d30bb54424d38c6b09a19dfe305db7ea800a5d9d28265d63af4d5ed767',
    CURRENT_TIMESTAMP
);

INSERT INTO USERS(ID,NAME,ROLE,LANGUAGE,BELONG,PASSWORD,EXPIRY)
VALUES(
    'manager', '管理士太郎','manager','ja',1,
    '6c96c4d30bb54424d38c6b09a19dfe305db7ea800a5d9d28265d63af4d5ed767',
    CURRENT_TIMESTAMP
);

INSERT INTO USERS(ID,NAME,ROLE,LANGUAGE,BELONG,PASSWORD,EXPIRY)
VALUES(
    'admin', 'アドミン太郎','admin','ja',1,
    '6c96c4d30bb54424d38c6b09a19dfe305db7ea800a5d9d28265d63af4d5ed767',
    CURRENT_TIMESTAMP
);

INSERT INTO USERS(ID,NAME,ROLE,BELONG)
VALUES('worker1-1','組織1 作業太郎','user',1);
INSERT INTO USERS(ID,NAME,ROLE,BELONG)
VALUES('worker1-2','組織1 作業二郎','user',1);

INSERT INTO USERS(ID,NAME,ROLE,BELONG)
VALUES('worker4-1','組織4 作業太郎','user',4);
INSERT INTO USERS(ID,NAME,ROLE,BELONG)
VALUES('worker4-2','組織4 作業二郎','user',4);
INSERT INTO USERS(ID,NAME,ROLE,BELONG)
VALUES('worker4-3','組織4 作業三郎','user',4);


INSERT INTO OPERATION(ID,OPERATION_ID,ORGANIZATION_ID,SEQ,"START","END")
VALUES (
  1,1,1,1,
  '2009-10-11','2022-01-05'
);

INSERT INTO OPERATION_LANGUAGE(OPERATION_ID,LANGUAGE,NAME)
VALUES ( 1,'ja','組織1の作業1(ja)');
INSERT INTO OPERATION_LANGUAGE(OPERATION_ID,LANGUAGE,NAME)
VALUES ( 1,'en','組織1の作業1(en)');
INSERT INTO OPERATION_LANGUAGE(OPERATION_ID,LANGUAGE,NAME)
VALUES ( 1,'zh','組織1の作業1(zh)');

INSERT INTO WORKER(OPERATION_ID,USER_ID,"DATE")
VALUES ( 1,'worker1-1','2022-01-01');
INSERT INTO WORKER(OPERATION_ID,USER_ID,"DATE")
VALUES ( 1,'worker1-1','2022-01-02');
INSERT INTO WORKER(OPERATION_ID,USER_ID,"DATE")
VALUES ( 1,'worker1-1','2022-01-03');
INSERT INTO WORKER(OPERATION_ID,USER_ID,"DATE")
VALUES ( 1,'worker1-2','2022-01-04');
INSERT INTO WORKER(OPERATION_ID,USER_ID,"DATE")
VALUES ( 1,'worker1-1','2022-01-05');


INSERT INTO OPERATION(ID,OPERATION_ID,ORGANIZATION_ID,SEQ,"START","END")
VALUES (
  2,2,1,2,
  '2009-10-11','2022-01-05'
);

INSERT INTO WORKER(OPERATION_ID,USER_ID,"DATE")
VALUES ( 2,'worker1-2','2022-01-01');
INSERT INTO WORKER(OPERATION_ID,USER_ID,"DATE")
VALUES ( 2,'worker1-2','2022-01-02');
INSERT INTO WORKER(OPERATION_ID,USER_ID,"DATE")
VALUES ( 2,'worker1-2','2022-01-03');
INSERT INTO WORKER(OPERATION_ID,USER_ID,"DATE")
VALUES ( 2,'worker1-1','2022-01-04');
INSERT INTO WORKER(OPERATION_ID,USER_ID,"DATE")
VALUES ( 2,'worker1-2','2022-01-05');


INSERT INTO OPERATION(ID,OPERATION_ID,ORGANIZATION_ID,SEQ,"START","END")
VALUES (
  3,1,4,1,
  '2022-01-06','2099-12-31'
);

INSERT INTO OPERATION_LANGUAGE(OPERATION_ID,LANGUAGE,NAME)
VALUES ( 3,'ja','組織4の作業1(ja)');
INSERT INTO OPERATION_LANGUAGE(OPERATION_ID,LANGUAGE,NAME)
VALUES ( 3,'en','組織4の作業1(en)');
INSERT INTO OPERATION_LANGUAGE(OPERATION_ID,LANGUAGE,NAME)
VALUES ( 3,'zh','組織4の作業1(zh)');

INSERT INTO WORKER(OPERATION_ID,USER_ID,"DATE")
VALUES ( 3,'worker4-3','2022-01-06');
INSERT INTO WORKER(OPERATION_ID,USER_ID,"DATE")
VALUES ( 3,'worker4-2','2022-01-07');
INSERT INTO WORKER(OPERATION_ID,USER_ID,"DATE")
VALUES ( 3,'worker4-3','2022-01-07');
INSERT INTO WORKER(OPERATION_ID,USER_ID,"DATE")
VALUES ( 3,'worker4-3','2022-01-08');
INSERT INTO WORKER(OPERATION_ID,USER_ID,"DATE")
VALUES ( 3,'worker4-3','2022-01-09');
INSERT INTO WORKER(OPERATION_ID,USER_ID,"DATE")
VALUES ( 3,'worker4-3','2022-01-10');


INSERT INTO OPERATION(ID,OPERATION_ID,ORGANIZATION_ID,SEQ,"START","END")
VALUES (
  4,2,4,2,
  '2022-01-06','2099-12-31'
);

INSERT INTO OPERATION_LANGUAGE(OPERATION_ID,LANGUAGE,NAME)
VALUES ( 4,'ja','組織4の作業2(ja)');
INSERT INTO OPERATION_LANGUAGE(OPERATION_ID,LANGUAGE,NAME)
VALUES ( 4,'en','組織4の作業2(en)');
INSERT INTO OPERATION_LANGUAGE(OPERATION_ID,LANGUAGE,NAME)
VALUES ( 4,'zh','組織4の作業2(zh)');

INSERT INTO WORKER(OPERATION_ID,USER_ID,"DATE")
VALUES ( 4,'worker4-2','2022-01-06');
INSERT INTO WORKER(OPERATION_ID,USER_ID,"DATE")
VALUES ( 4,'worker4-2','2022-01-08');
INSERT INTO WORKER(OPERATION_ID,USER_ID,"DATE")
VALUES ( 4,'worker4-3','2022-01-08');
INSERT INTO WORKER(OPERATION_ID,USER_ID,"DATE")
VALUES ( 4,'worker4-2','2022-01-09');
INSERT INTO WORKER(OPERATION_ID,USER_ID,"DATE")
VALUES ( 4,'worker4-2','2022-01-10');


INSERT INTO OPERATION(ID,OPERATION_ID,ORGANIZATION_ID,SEQ,"START","END")
VALUES (
  5,3,4,3,
  '2022-01-06','2099-12-31'
);

INSERT INTO OPERATION_LANGUAGE(OPERATION_ID,LANGUAGE,NAME)
VALUES ( 5,'ja','組織4の作業3(ja)');
INSERT INTO OPERATION_LANGUAGE(OPERATION_ID,LANGUAGE,NAME)
VALUES ( 5,'en','組織4の作業3(en)');
INSERT INTO OPERATION_LANGUAGE(OPERATION_ID,LANGUAGE,NAME)
VALUES ( 5,'zh','組織4の作業3(zh)');

INSERT INTO WORKER(OPERATION_ID,USER_ID,"DATE")
VALUES ( 5,'worker4-1','2022-01-06');
INSERT INTO WORKER(OPERATION_ID,USER_ID,"DATE")
VALUES ( 5,'worker4-1','2022-01-07');
INSERT INTO WORKER(OPERATION_ID,USER_ID,"DATE")
VALUES ( 5,'worker4-1','2022-01-08');
INSERT INTO WORKER(OPERATION_ID,USER_ID,"DATE")
VALUES ( 5,'worker4-1','2022-01-09');
INSERT INTO WORKER(OPERATION_ID,USER_ID,"DATE")
VALUES ( 5,'worker4-1','2022-01-10');




INSERT INTO "DAY"(ORGANIZATION_ID,"DAY","VALUE") 
VALUES(1, '2021-12-15',1);

INSERT INTO "DAY"(ORGANIZATION_ID,"DAY","VALUE") 
VALUES(1, '2022-01-06',1);

INSERT INTO "DAY"(ORGANIZATION_ID,"DAY","VALUE") 
VALUES(2, '2022-01-06',1);

INSERT INTO "DAY"(ORGANIZATION_ID,"DAY","VALUE") 
VALUES(1, '2022-01-10',1);

INSERT INTO "DAY"(ORGANIZATION_ID,"DAY","VALUE") 
VALUES(1, '2022-01-15',1);



INSERT INTO PLACES(ID,NAME,TIMEZONE)
VALUES(
    1, '日本','Asia/Tokyo'
);

INSERT INTO places(ID,NAME,TIMEZONE)
VALUES(
    2, '中国','Asia/Shanghai'
);

INSERT INTO TODOS("VALUE") VALUES ('TODO1');
INSERT INTO TODOS("VALUE") VALUES ('TODO2');

INSERT INTO PLANS(ID,PLACES_ID,DATE) VALUES( 1, 1, '2021-10-10T12:00:00');
INSERT INTO PLANS(ID,PLACES_ID,DATE) VALUES( 2, 1, '2021-10-11T12:00:00');
INSERT INTO PLANS(ID,PLACES_ID,DATE) VALUES( 3, 2, '2021-10-10T12:00:00');

INSERT INTO PLAN_DETAILS (ID,PLANS_ID,NAME,START,"END")
    VALUES( 1, 1, '1 = 1-1', '2021-10-10T08:00:00','2021-10-10T11:00:00');
INSERT INTO PLAN_DETAILS (ID,PLANS_ID,NAME,START,"END")
    VALUES( 2, 1, '2 = 1-2', '2021-10-10T11:00:00','2021-10-10T13:00:00');
INSERT INTO PLAN_DETAILS (ID,PLANS_ID,NAME,START,"END")
    VALUES( 3, 1, '3 = 1-3', '2021-10-10T14:00:00','2021-10-10T18:00:00');

INSERT INTO PLAN_DETAILS (ID,PLANS_ID,NAME,START,"END")
    VALUES( 4, 2, '4 = 2-1', '2021-10-11T08:00:00','2021-10-11T11:00:00');
INSERT INTO PLAN_DETAILS (ID,PLANS_ID,NAME,START,"END")
    VALUES( 5, 2, '5 = 2-2', '2021-10-11T11:00:00','2021-10-11T13:00:00');

INSERT INTO PLAN_DETAILS (ID,PLANS_ID,NAME,START,"END")
    VALUES( 6, 3, '6 = 3-1', '2021-10-10T08:00:00','2021-10-10T11:00:00');
INSERT INTO PLAN_DETAILS (ID,PLANS_ID,NAME,START,"END")
    VALUES( 7, 3, '7 = 3-2', '2021-10-10T11:00:00','2021-10-10T13:00:00');
INSERT INTO PLAN_DETAILS (ID,PLANS_ID,name,START,"END")
    VALUES( 8, 3, '8 = 3-3', '2021-10-10T14:00:00','2021-10-10T18:00:00');
INSERT INTO PLAN_DETAILS (ID,PLANS_ID,name,START,"END")
    VALUES( 9, 3, '9 = 3-4', '2021-10-10T21:00:00','2021-10-11T03:00:00');
